{"accuracy": 85.1258581235698, "loss": 0.3355469712113761, "confusion_matrix": [[189, 102, 3, 6], [8, 245, 45, 8], [1, 8, 396, 0], [3, 8, 3, 286]]}