{"accuracy": 93.13501144164759, "loss": 0.17274291174021683, "confusion_matrix": [[276, 24, 0, 0], [34, 249, 22, 1], [0, 1, 404, 0], [2, 6, 0, 292]]}