{"accuracy": 83.14263920671243, "loss": 0.3893270842137112, "confusion_matrix": [[196, 86, 0, 18], [16, 206, 65, 19], [1, 10, 392, 2], [3, 1, 0, 296]]}