{"accuracy": 91.45690312738368, "loss": 0.22393459543119762, "confusion_matrix": [[244, 54, 0, 2], [6, 262, 29, 9], [0, 9, 396, 0], [0, 3, 0, 297]]}